facility_id,year,facility_name,iso3c_plus,area,facility_status,facility_type,opening_year,closing_year,has_landfill_gas_collection,waste_depth_meters,annual_incoming_waste_metric_tonnes,waste_in_place_metric_tonnes,has_cover,cover_types,gccs_ch4_flared_metric_tonnes,gccs_ch4_generated_metric_tonnes,gccs_ch4_collected_metric_tonnes,gccs_energy_project_type,gccs_current_project_status,gccs_ch4_flow_to_project_metric_tonnes,gccs_ch4_percent,gccs_collection_efficiency,oxidation,mcf,latitude,longitude,point,is_location_exact,ch4_emissions_metric_tonnes,food_percent_by_weight,green_percent_by_weight,wood_percent_by_weight,paper_cardboard_percent_by_weight,textiles_percent_by_weight,plastic_percent_by_weight,metal_percent_by_weight,glass_percent_by_weight,rubber_percent_by_weight,other_percent_by_weight,data_source,created_date,git_sha,site_id,site_name,country_iso3,input_area_square_meters,pilot_selection_reason,municipality,admin1,admin2,formatted_address,geocoder_provider,geocoder_confidence,geocoded_at,geocode_status
11467,2022,Abule Egba Landfill,NGA,112285.707206147,,,,,,,,,,,,,,,,,,,,,6.639392217410458,3.3021248334964044,POINT(3.3021248334964044 6.639392217410458),True,,,,,,,,,,,,osm_2022,,,11467,Abule Egba Landfill,NGA,112285.707206147,priority_country:NGA,,,,,,,,disabled
11489,2022,Olushosun Landfill,NGA,487065.6352553802,,,,,,,,,,,,,,,,,,,,,6.594766567527042,3.3769635851328283,POINT(3.3769635851328283 6.594766567527042),True,,,,,,,,,,,,osm_2022,,,11489,Olushosun Landfill,NGA,487065.6352553802,priority_country:NGA,,,,,,,,disabled
13046,2022,Old San Mateo Landfill,PHL,505692.7977479904,,,,,,,,,,,,,,,,,,,,,14.667257284742872,121.2091633945064,POINT(121.2091633945064 14.667257284742872),True,,,,,,,,,,,,osm_2022,,,13046,Old San Mateo Landfill,PHL,505692.7977479904,priority_country:PHL,,,,,,,,disabled
12950,2022,OpenStreetMap Landfill,PHL,70212.15345356087,,,,,,,,,,,,,,,,,,,,,14.873005685921417,120.6775255185866,POINT(120.6775255185866 14.873005685921417),True,,,,,,,,,,,,osm_2022,,,12950,OpenStreetMap Landfill,PHL,70212.15345356087,priority_country:PHL,,,,,,,,disabled
13031,2022,Municipal Solidwaste Management,PHL,20456.000296630664,,,,,,,,,,,,,,,,,,,,,13.95801576746829,121.51358963568192,POINT(121.51358963568192 13.95801576746829),True,,,,,,,,,,,,osm_2022,,,13031,Municipal Solidwaste Management,PHL,20456.000296630664,priority_country:PHL,,,,,,,,disabled
13054,2022,OpenStreetMap Landfill,PHL,125676.97345980248,,,,,,,,,,,,,,,,,,,,,14.721230781465342,120.97209261363506,POINT(120.97209261363506 14.721230781465342),True,,,,,,,,,,,,osm_2022,,,13054,OpenStreetMap Landfill,PHL,125676.97345980248,priority_country:PHL,,,,,,,,disabled
12996,2022,San Remigio Landfill and Materials Recovery Facility,PHL,10652.612924453111,,,,,,,,,,,,,,,,,,,,,11.048407737982114,123.93880429315548,POINT(123.93880429315548 11.048407737982114),True,,,,,,,,,,,,osm_2022,,,12996,San Remigio Landfill and Materials Recovery Facility,PHL,10652.612924453111,priority_country:PHL,,,,,,,,disabled
12985,2022,Talisay Sanitary Landfill,PHL,37951.90823243565,,,,,,,,,,,,,,,,,,,,,10.28512600034948,123.80972067096994,POINT(123.80972067096994 10.28512600034948),True,,,,,,,,,,,,osm_2022,,,12985,Talisay Sanitary Landfill,PHL,37951.90823243565,priority_country:PHL,,,,,,,,disabled
12971,2022,Davao City Sanitary Landfill,PHL,150520.8258520323,,,,,,,,,,,,,,,,,,,,,7.1490657015956245,125.55190989280965,POINT(125.55190989280965 7.1490657015956245),True,,,,,,,,,,,,osm_2022,,,12971,Davao City Sanitary Landfill,PHL,150520.8258520323,priority_country:PHL,,,,,,,,disabled
12949,2022,Olongapo City Open Pit Dumpsite,PHL,36131.10804778909,,,,,,,,,,,,,,,,,,,,,14.845696581022448,120.33002820846863,POINT(120.33002820846863 14.845696581022448),True,,,,,,,,,,,,osm_2022,,,12949,Olongapo City Open Pit Dumpsite,PHL,36131.10804778909,priority_country:PHL,,,,,,,,disabled
